{
  "accuracy": 0.9815,
  "f1_macro": 0.9761,
  "f1_weighted": 0.9814,
  "best_params": {
    "clf__max_depth": null,
    "clf__min_samples_split": 2,
    "clf__n_estimators": 100
  },
  "cv_scores": [
    0.9923,
    0.9847,
    0.9669,
    0.9338,
    1.0
  ],
  "confusion_matrix": [
    [
      58,
      0,
      0
    ],
    [
      1,
      34,
      0
    ],
    [
      0,
      1,
      14
    ]
  ],
  "report": {
    "critico": {
      "precision": 0.9830508474576272,
      "recall": 1.0,
      "f1-score": 0.9914529914529915,
      "support": 58.0
    },
    "normal": {
      "precision": 0.9714285714285714,
      "recall": 0.9714285714285714,
      "f1-score": 0.9714285714285714,
      "support": 35.0
    },
    "bajo": {
      "precision": 1.0,
      "recall": 0.9333333333333333,
      "f1-score": 0.9655172413793104,
      "support": 15.0
    },
    "accuracy": 0.9814814814814815,
    "macro avg": {
      "precision": 0.9848264729620663,
      "recall": 0.9682539682539684,
      "f1-score": 0.9761329347536245,
      "support": 108.0
    },
    "weighted avg": {
      "precision": 0.981638418079096,
      "recall": 0.9814814814814815,
      "f1-score": 0.9813614085644736,
      "support": 108.0
    }
  },
  "feature_names": [
    "tipo_tramite",
    "urgencia",
    "dias_espera",
    "num_documentos"
  ],
  "feature_importances": [
    0.3996,
    0.2474,
    0.315,
    0.038
  ],
  "n_train": 432,
  "n_test": 108,
  "clases": [
    "critico",
    "normal",
    "bajo"
  ]
}