{
  "accuracy": 0.9062,
  "f1": 0.9434,
  "roc_auc": 0.9433,
  "best_params": {
    "clf__learning_rate": 0.1,
    "clf__max_depth": 5,
    "clf__n_estimators": 100
  },
  "cv_scores": [
    0.9359,
    0.9351,
    0.9351,
    0.92,
    0.95
  ],
  "confusion_matrix": [
    [
      12,
      7
    ],
    [
      2,
      75
    ]
  ],
  "report": {
    "no_apto": {
      "precision": 0.8571428571428571,
      "recall": 0.631578947368421,
      "f1-score": 0.7272727272727273,
      "support": 19.0
    },
    "apto": {
      "precision": 0.9146341463414634,
      "recall": 0.974025974025974,
      "f1-score": 0.9433962264150944,
      "support": 77.0
    },
    "accuracy": 0.90625,
    "macro avg": {
      "precision": 0.8858885017421603,
      "recall": 0.8028024606971975,
      "f1-score": 0.8353344768439108,
      "support": 96.0
    },
    "weighted avg": {
      "precision": 0.9032556620209059,
      "recall": 0.90625,
      "f1-score": 0.9006217838765008,
      "support": 96.0
    }
  },
  "feature_names": [
    "experiencia_anios",
    "nivel_educacion",
    "num_habilidades",
    "num_idiomas"
  ],
  "feature_importances": [
    0.2897,
    0.2509,
    0.3029,
    0.1565
  ],
  "n_train": 384,
  "n_test": 96,
  "clases": [
    "no_apto",
    "apto"
  ]
}